-- phpMyAdmin SQL Dump
-- version 5.0.4
-- https://www.phpmyadmin.net/
--
-- Host: 127.0.0.1
-- 생성 시간: 21-07-07 02:21
-- 서버 버전: 10.4.17-MariaDB
-- PHP 버전: 7.4.13

SET SQL_MODE = "NO_AUTO_VALUE_ON_ZERO";
START TRANSACTION;
SET time_zone = "+00:00";


/*!40101 SET @OLD_CHARACTER_SET_CLIENT=@@CHARACTER_SET_CLIENT */;
/*!40101 SET @OLD_CHARACTER_SET_RESULTS=@@CHARACTER_SET_RESULTS */;
/*!40101 SET @OLD_COLLATION_CONNECTION=@@COLLATION_CONNECTION */;
/*!40101 SET NAMES utf8mb4 */;

--
-- 데이터베이스: `2021_jeonnam`
--

-- --------------------------------------------------------

--
-- 테이블 구조 `breads`
--

CREATE TABLE `breads` (
  `id` bigint(20) NOT NULL COMMENT '빵',
  `store_id` bigint(20) NOT NULL COMMENT '등록한 빵집/stores table 외래키',
  `name` varchar(255) NOT NULL COMMENT '빵 이름',
  `price` int(11) NOT NULL COMMENT '빵 가격',
  `sale` int(11) NOT NULL COMMENT '할인율(단위 : %)',
  `image` varchar(255) NOT NULL COMMENT '빵 사진 경로'
) ENGINE=InnoDB DEFAULT CHARSET=utf8mb4;

--
-- 테이블의 덤프 데이터 `breads`
--

INSERT INTO `breads` (`id`, `store_id`, `name`, `price`, `sale`, `image`) VALUES
(1, 1, '진한우유식빵', 2300, 0, '/image/bread/o1_num1.jpg'),
(2, 1, '그린티 본델리슈', 4900, 0, '/image/bread/o1_num2.jpg'),
(3, 1, '스위트 몽블방', 1300, 0, '/image/bread/o1_num3.jpg'),
(4, 1, '옛날왕슈크림도넛', 1900, 0, '/image/bread/o1_num4.jpg'),
(5, 1, '카스테라', 900, 0, '/image/bread/o1_num5.jpg'),
(6, 1, '오리지널 머핀', 900, 0, '/image/bread/o1_num6.jpg'),
(7, 1, '소보루빵', 1900, 0, '/image/bread/o1_num7.jpg'),
(8, 1, '슈크림빵', 1500, 0, '/image/bread/o1_num8.jpg'),
(9, 1, '블랙포레스트 초코쉬폰', 29000, 0, '/image/bread/o1_num9.jpg'),
(10, 1, '행복해 딸기퐁당 케이크', 31000, 26, '/image/bread/o1_num10.jpg'),
(11, 2, '클라우드9 티라미슈', 15000, 0, '/image/bread/o10_num1.jpg'),
(12, 2, '마이넘버원 3', 27000, 71, '/image/bread/o10_num2.jpg'),
(13, 2, '스노우화이트치즈케이크', 50000, 0, '/image/bread/o10_num3.jpg'),
(14, 2, '치즈가 반한 티라미슈', 49000, 0, '/image/bread/o10_num4.jpg'),
(15, 2, '타이니소어GO! 공룡메카드', 59000, 0, '/image/bread/o10_num5.jpg'),
(16, 2, '페퍼로니포카챠', 3300, 0, '/image/bread/o10_num6.jpg'),
(17, 2, '건강한 치킨커틀릭 샐러드랩', 1400, 0, '/image/bread/o10_num7.jpg'),
(18, 2, '파리의 토스트', 2900, 0, '/image/bread/o10_num8.jpg'),
(19, 2, '그릴드 치킨 포카챠', 3900, 0, '/image/bread/o10_num9.jpg'),
(20, 2, '3가지 맛 굿모닝 샌드위치', 7900, 0, '/image/bread/o10_num10.jpg'),
(21, 2, '통밀에그샐러드 샌드위치', 2900, 0, '/image/bread/o10_num11.jpg'),
(22, 3, '오리지널시저샐러드', 3900, 0, '/image/bread/o11_num1.jpg'),
(23, 3, '통밀 디럭스 샌드위치', 3900, 8, '/image/bread/o11_num2.jpg'),
(24, 3, '명가명품 제주말차 카스테라', 4900, 0, '/image/bread/o11_num3.jpg'),
(25, 3, '호두파이', 1900, 0, '/image/bread/o11_num4.jpg'),
(26, 3, '화과자명가(대)', 19000, 0, '/image/bread/o11_num5.jpg'),
(27, 3, '시간의정성 진 카스테라', 5900, 0, '/image/bread/o11_num6.jpg'),
(28, 3, '씨쉘초콜릿(대)', 39000, 0, '/image/bread/o11_num7.jpg'),
(29, 3, '오색정과(대)', 32000, 0, '/image/bread/o11_num8.jpg'),
(30, 3, '정통 파운드케익', 13000, 0, '/image/bread/o11_num9.jpg'),
(31, 4, '핑크솔티드 카라멜마카롱', 1900, 0, '/image/bread/o12_num1.jpg'),
(32, 4, '사르르 초코타르트', 1900, 0, '/image/bread/o12_num2.jpg'),
(33, 4, '뉴욕치즈타르트', 1900, 0, '/image/bread/o12_num3.jpg'),
(34, 4, '사르르레어치즈타르트', 2400, 0, '/image/bread/o12_num4.jpg'),
(35, 4, '에그타르트', 1900, 0, '/image/bread/o12_num5.jpg'),
(36, 4, '꿀자몽고메마카롱', 2900, 0, '/image/bread/o12_num6.jpg'),
(37, 4, '산딸기고메마카롱', 1900, 0, '/image/bread/o12_num7.jpg'),
(38, 4, '호두듬뿍타르트', 1900, 0, '/image/bread/o12_num8.jpg'),
(39, 5, 'SoyU(쏘유) 플레인', 1900, 0, '/image/bread/o13_num1.jpg'),
(40, 5, '아침&후레쉬우유 200ml', 900, 0, '/image/bread/o13_num2.jpg'),
(41, 5, '아메리카노', 3900, 0, '/image/bread/o13_num3.jpg'),
(42, 4, '카페라떼', 4200, 0, '/image/bread/o13_num4.jpg'),
(43, 5, '아이스아메리카노', 3900, 0, '/image/bread/o13_num5.jpg'),
(44, 5, '아이스 카라멜 마끼아또', 3900, 59, '/image/bread/o13_num6.jpg'),
(45, 5, '스윗갈릭 소시지빵', 6900, 0, '/image/bread/o13_num7.jpg'),
(46, 5, '쫀득 콘치즈볼', 19000, 0, '/image/bread/o13_num8.jpg'),
(47, 6, '매콤아삭맛살 샌드위치', 3900, 37, '/image/bread/o14_num1.jpg'),
(48, 6, '맛살가득 패스토리', 3900, 0, '/image/bread/o14_num2.jpg'),
(49, 6, '계란맛살곡물', 3900, 0, '/image/bread/o14_num3.jpg'),
(50, 6, '에그맛살 크라상', 1900, 0, '/image/bread/o14_num4.jpg'),
(51, 6, '햄치즈 토마토 치아바타', 2900, 41, '/image/bread/o14_num5.jpg'),
(52, 6, '레드살살 치킨덕', 2900, 0, '/image/bread/o14_num6.jpg'),
(53, 6, '바베큐 치킨 토스트', 2900, 0, '/image/bread/o14_num7.jpg'),
(54, 6, '루벤 햄치즈', 3900, 0, '/image/bread/o14_num8.jpg'),
(55, 6, '베이컨 가지브리 치아바타', 3900, 0, '/image/bread/o14_num9.jpg'),
(56, 6, '리코타 딸기잼 토스트', 4900, 0, '/image/bread/o14_num10.jpg'),
(57, 7, '크랜베리치킨 BLT', 4900, 77, '/image/bread/o15_num1.jpg'),
(58, 7, '리코타 단호박 & BELT', 3900, 0, '/image/bread/o15_num2.jpg'),
(59, 7, '새우오믈렉토스트', 2900, 0, '/image/bread/o15_num3.jpg'),
(60, 7, '싱그러운 맛남 감자샌드위치', 4900, 0, '/image/bread/o15_num4.jpg'),
(61, 7, '불고기 가듯 샌드위치', 2900, 12, '/image/bread/o15_num5.jpg'),
(62, 7, 'V.E.L.T 샌드위치', 4900, 0, '/image/bread/o15_num6.jpg'),
(63, 7, '그릴비프치즈랩', 1900, 0, '/image/bread/o15_num7.jpg'),
(64, 7, '에그톡 크로크마담', 5900, 0, '/image/bread/o15_num8.jpg'),
(65, 7, '단호박 감자샐러드 모닝롤', 3900, 0, '/image/bread/o15_num9.jpg'),
(66, 7, '단.계.감 모닝롤 샌드위치', 3900, 60, '/image/bread/o15_num10.jpg'),
(67, 8, '통밀 크랜베리치킨 샌드위치', 4900, 0, '/image/bread/o16_num1.jpg'),
(68, 8, '크랜베리치킨패스트리', 4900, 0, '/image/bread/o16_num2.jpg'),
(69, 8, '치즈어니언 치킨샌드위치', 3900, 0, '/image/bread/o16_num3.jpg'),
(70, 8, '크랜베리치킨 & 아삭햄치즈버거', 10900, 0, '/image/bread/o16_num4.jpg'),
(71, 8, '베이컨에그브리오쉬', 1900, 2, '/image/bread/o16_num5.jpg'),
(72, 8, '브레드 브륄레', 1900, 0, '/image/bread/o16_num6.jpg'),
(73, 8, '햄&치즈 라우겐샌드위치', 2900, 0, '/image/bread/o16_num7.jpg'),
(74, 8, '치킨텐더 밸런스 랩', 4900, 0, '/image/bread/o16_num8.jpg'),
(75, 8, '버섯불고기 피자', 13900, 0, '/image/bread/o16_num9.jpg'),
(76, 8, '바질치킨 통밀 샌드위치', 4900, 0, '/image/bread/o16_num10.jpg'),
(77, 9, '싱그러운 치킨탭더 그린 랩', 2900, 0, '/image/bread/o17_num1.jpg'),
(78, 9, '리얼미트 찰리핫도그', 2900, 0, '/image/bread/o17_num2.jpg'),
(79, 9, '프리미엄 크래미샌드위치', 6900, 0, '/image/bread/o17_num3.jpg'),
(80, 9, '로제치킨 밸런스 샌드위치', 2900, 0, '/image/bread/o17_num4.jpg'),
(81, 9, '에그쉬림프 샌드위치', 2900, 0, '/image/bread/o17_num5.jpg'),
(82, 9, 'B.E.L.T 샌드위치', 3900, 10, '/image/bread/o17_num6.jpg'),
(83, 9, '햄&포테이토샐러드 샌드위치', 2900, 0, '/image/bread/o17_num7.jpg'),
(84, 9, '에그&감자 사라다 샌드위치', 5900, 0, '/image/bread/o17_num8.jpg'),
(85, 9, '통밀 후레쉬 샌드위치', 3900, 0, '/image/bread/o17_num9.jpg'),
(86, 9, '함박미니롤샌드위치', 5900, 0, '/image/bread/o17_num10.jpg'),
(87, 10, '햄치즈& 에그샐러드샌드위치', 2900, 0, '/image/bread/o18_num1.jpg'),
(88, 10, 'TLJ치킨클럽샌드위치', 2900, 0, '/image/bread/o18_num2.jpg'),
(89, 10, '손보다 빅버거', 5900, 0, '/image/bread/o18_num3.jpg'),
(90, 10, '바베큐 치킨마요 롤피자', 4900, 0, '/image/bread/o18_num4.jpg'),
(91, 10, '핫 오믈렛 라이스머핀', 4900, 0, '/image/bread/o18_num5.jpg'),
(92, 10, '든든한 모닝에그토스트', 3900, 0, '/image/bread/o18_num6.jpg'),
(93, 10, '어니언 햄 & 치즈 베이글버거', 7900, 0, '/image/bread/o18_num7.jpg'),
(94, 10, '어몽어스 빅 쇼콜라 볼', 29000, 0, '/image/bread/o18_num8.jpg'),
(95, 10, '어몽어스 임포스터 쇼콜라', 31000, 0, '/image/bread/o18_num9.jpg'),
(96, 10, '리얼 퐁당 쇼콜라', 19000, 0, '/image/bread/o18_num10.jpg'),
(97, 11, '단짠 햄치즈 꿀번', 2500, 0, '/image/bread/o19_num1.jpg'),
(98, 11, '톡톡 콘치즈볼', 3200, 0, '/image/bread/o19_num2.jpg'),
(99, 11, '달콤 초코 츄라상', 3250, 0, '/image/bread/o19_num3.jpg'),
(100, 11, '고소한 곡물크림 샌드빵', 4500, 0, '/image/bread/o19_num4.jpg'),
(101, 11, '딸기 듬뿍 우유 브레드', 4100, 0, '/image/bread/o19_num5.jpg'),
(102, 11, '폭신폭신 우유 브레드', 4350, 55, '/image/bread/o19_num5.jpg'),
(103, 11, '햄&치즈누룽지 파니니', 5600, 0, '/image/bread/o19_num7.jpg'),
(104, 11, '순진 우유크림 빵', 2650, 0, '/image/bread/o19_num8.jpg'),
(105, 11, '마구마구 고구마', 5250, 0, '/image/bread/o19_num9.jpg'),
(106, 11, '못난이 감자치즈', 1000, 0, '/image/bread/o19_num10.jpg'),
(107, 12, '레드 고로케', 1650, 0, '/image/bread/o2_num1.jpg'),
(108, 12, '쑥덕쑥덕 콩쑥이', 2150, 0, '/image/bread/o2_num2.jpg'),
(109, 12, '고소함이 톡톡 곡물식빵', 2750, 0, '/image/bread/o2_num3.jpg'),
(110, 12, '초코 퐁당 코르네', 1850, 0, '/image/bread/o2_num4.jpg'),
(111, 12, '쏙쏙 토스트', 2850, 0, '/image/bread/o2_num5.jpg'),
(112, 12, '데일리 치아바타', 1800, 0, '/image/bread/o2_num5.jpg'),
(113, 12, '어몽어스 겹겹이 밀크롤인', 12000, 0, '/image/bread/o2_num7.jpg'),
(114, 12, '마담 얼그레이 크림번', 5200, 0, '/image/bread/o2_num8.jpg'),
(115, 12, '앙! 호두 버터 샌드', 3500, 0, '/image/bread/o2_num9.jpg'),
(116, 12, '롱 치즈스틱', 1000, 8, '/image/bread/o2_num10.jpg'),
(117, 13, '겹겹이 연유크림 데니쉬', 8500, 0, '/image/bread/o20_num1.jpg'),
(118, 13, '겹겹이 데니쉬', 3250, 0, '/image/bread/o20_num2.jpg'),
(119, 13, '뜯어먹는 순우유 쉬폰', 10000, 0, '/image/bread/o20_num3.jpg'),
(120, 13, '폭신폭신모닝롤', 6500, 76, '/image/bread/o20_num4.jpg'),
(121, 13, '피자토스트', 1200, 0, '/image/bread/o20_num5.jpg'),
(122, 13, '호두볼', 2550, 0, '/image/bread/o20_num6.jpg'),
(123, 13, '트윈에그브레드', 1450, 0, '/image/bread/o20_num7.jpg'),
(124, 13, '미니햄치즈롤(봉)', 2150, 0, '/image/bread/o20_num8.jpg'),
(125, 13, '추억의 사라다 고로케', 3450, 0, '/image/bread/o20_num9.jpg'),
(126, 13, '미니데니쉬', 1950, 0, '/image/bread/o20_num10.jpg'),
(127, 14, '소시지카레양파빵', 2650, 0, '/image/bread/o3_num1.jpg'),
(128, 14, '치드듬뿍 순꿀꽃', 950, 0, '/image/bread/o3_num2.jpg'),
(129, 14, '미니치즈롤', 1250, 0, '/image/bread/o3_num3.jpg'),
(130, 14, '통밀빵', 4500, 0, '/image/bread/o3_num4.jpg'),
(131, 14, '어니언베이글', 2650, 0, '/image/bread/o3_num5.jpg'),
(132, 14, '블루베리베이글', 2150, 0, '/image/bread/o3_num6.jpg'),
(133, 14, '플레인베이글', 2250, 0, '/image/bread/o3_num7.jpg'),
(134, 14, '호두바게트', 3550, 0, '/image/bread/o3_num8.jpg'),
(135, 14, '마늘스틱', 550, 0, '/image/bread/o3_num9.jpg'),
(136, 14, '프랑스바게트', 6550, 0, '/image/bread/o3_num10.jpg'),
(137, 15, '순꿀 바게트', 4550, 0, '/image/bread/o4_num1.jpg'),
(138, 15, '진한초콜릿깜파뉴', 3550, 60, '/image/bread/o4_num2.jpg'),
(139, 15, '건포도빵', 2650, 0, '/image/bread/o4_num3.jpg'),
(140, 15, '바게트토스트', 4250, 0, '/image/bread/o4_num4.jpg'),
(141, 15, '밤패스트리', 3650, 0, '/image/bread/o4_num5.jpg'),
(142, 15, '고구마파이', 6850, 0, '/image/bread/o4_num6.jpg'),
(143, 15, '깜파뉴 속의 리얼초코', 4520, 41, '/image/bread/o4_num7.jpg'),
(144, 15, '초코마카롱도넛', 2450, 0, '/image/bread/o4_num8.jpg'),
(145, 15, '딸기마카롱도넛', 2550, 0, '/image/bread/o4_num9.jpg'),
(146, 15, '슈거글레이즈드도넛', 1550, 0, '/image/bread/o4_num10.jpg'),
(147, 16, '그때그도나쓰', 6550, 0, '/image/bread/o5_num1.jpg'),
(148, 16, '옥수수트위스트', 1450, 0, '/image/bread/o5_num2.jpg'),
(149, 16, '깨찰도넛', 850, 0, '/image/bread/o5_num3.jpg'),
(150, 16, '호박검은깨식빵', 6000, 0, '/image/bread/o5_num4.jpg'),
(151, 16, '롤치즈식빵', 6450, 0, '/image/bread/o5_num5.jpg'),
(152, 16, '미니단팥빵', 2650, 0, '/image/bread/o5_num6.jpg'),
(153, 16, '크리미 단팥빵', 1850, 0, '/image/bread/o5_num7.jpg'),
(154, 16, '까까웨뜨', 2750, 0, '/image/bread/o5_num8.jpg'),
(155, 16, '리얼 초코 소라빵', 1500, 0, '/image/bread/o5_num9.jpg'),
(156, 16, '완두앙금빵', 1600, 0, '/image/bread/o5_num10.jpg'),
(157, 17, '소보로빵', 1400, 0, '/image/bread/o6_num1.jpg'),
(158, 17, '단팥빵', 1450, 0, '/image/bread/o6_num2.jpg'),
(159, 17, '슈크림빵', 1250, 0, '/image/bread/o6_num3.jpg'),
(160, 17, '초코 가나슈크림빵', 2650, 0, '/image/bread/o6_num4.jpg'),
(161, 17, '연유크림만난단팥빵', 1950, 0, '/image/bread/o6_num5.jpg'),
(162, 17, '땅콩크림소보로', 1750, 0, '/image/bread/o6_num6.jpg'),
(163, 17, '진짜소고한땅콩크림빵', 2000, 0, '/image/bread/o6_num7.jpg'),
(164, 17, '맘모스빵(대)', 3650, 0, '/image/bread/o6_num8.jpg'),
(165, 17, '깨찰빵', 2900, 0, '/image/bread/o6_num9.jpg'),
(166, 17, '동글동글순우유롤', 4000, 0, '/image/bread/o6_num10.jpg'),
(167, 18, '단팥앙금롤브레드', 2000, 0, '/image/bread/o7_num1.jpg'),
(168, 18, '카페모카빵(대)', 4850, 0, '/image/bread/o7_num2.jpg'),
(169, 18, 'NEW 블루베리 크림치즈', 8000, 0, '/image/bread/o7_num3.jpg'),
(170, 18, '크랜베리애플크림치즈', 5000, 32, '/image/bread/o7_num4.jpg'),
(171, 18, '순꿀 호떡', 3600, 0, '/image/bread/o7_num5.jpg'),
(172, 18, '뉴패스트리도넛', 2650, 0, '/image/bread/o7_num6.jpg'),
(173, 18, '손우유브레드', 6500, 0, '/image/bread/o7_num7.jpg'),
(174, 18, '카페 카야번', 3250, 0, '/image/bread/o7_num8.jpg'),
(175, 18, '동글동글순치즈', 3500, 0, '/image/bread/o7_num9.jpg'),
(176, 18, '낙엽소시지브레드', 1450, 0, '/image/bread/o7_num10.jpg'),
(177, 19, '크림치즈머핀', 900, 0, '/image/bread/o8_num1.jpg'),
(178, 19, '초코칩머핀', 700, 0, '/image/bread/o8_num2.jpg'),
(179, 19, '생크림 크라상', 3250, 0, '/image/bread/o8_num3.jpg'),
(180, 19, '밤이 듬뿍 맘모스(대)', 8900, 0, '/image/bread/o8_num4.jpg'),
(181, 19, '핫도그패스트리', 3000, 0, '/image/bread/o8_num5.jpg'),
(182, 19, '탕종법으로만든 담백하고쫄깃한브레드', 7500, 0, '/image/bread/o8_num6.jpg'),
(183, 19, '퀸즈 브리오쉬 브레드', 6550, 0, '/image/bread/o8_num7.jpg'),
(184, 19, '프랑보아즈 아몬드 크라상', 2500, 63, '/image/bread/o8_num8.jpg'),
(185, 19, '오리지널 크라상', 2450, 0, '/image/bread/o8_num9.jpg'),
(186, 19, '호두 연유 바게트', 8000, 0, '/image/bread/o8_num10.jpg'),
(187, 20, '쫄깃한 찹쌀도넛', 2150, 0, '/image/bread/o9_num1.jpg'),
(188, 20, '후레쉬 크림빵', 2450, 0, '/image/bread/o9_num2.jpg'),
(189, 20, '크림코르네', 1200, 0, '/image/bread/o9_num3.jpg'),
(190, 20, 'NEW단팥소보로', 2900, 0, '/image/bread/o9_num4.jpg'),
(191, 20, 'NEW어니언소시지포카치아', 3000, 0, '/image/bread/o9_num5.jpg\r\n'),
(192, 20, 'NEW고소한후랑크소시지', 6900, 0, '/image/bread/o9_num6.jpg'),
(193, 20, '카라멜러스크', 1000, 0, '/image/bread/o9_num7.jpg'),
(194, 20, '아몬드보스톡', 2000, 0, '/image/bread/o9_num8.jpg'),
(195, 20, '빵속에리얼초코', 2500, 0, '/image/bread/o9_num9.jpg'),
(196, 20, '부추잡채코로케', 4500, 0, '/image/bread/o9_num10.jpg');

-- --------------------------------------------------------

--
-- 테이블 구조 `deliveries`
--

CREATE TABLE `deliveries` (
  `id` bigint(20) NOT NULL COMMENT '배달 주문',
  `store_id` bigint(20) NOT NULL COMMENT '주문받은 빵집/stores table 외래키',
  `orderer_id` varchar(255) NOT NULL COMMENT '주문한 사용자/users table 외래키',
  `driver_id` varchar(255) DEFAULT NULL COMMENT '배달 잡은 라이더/users table 외래키',
  `state` enum('order','accept','reject','taking','complete') NOT NULL DEFAULT 'order' COMMENT '상태 -\r\norder : 사용자가 주문한 상태,\r\naccept : 사장님이 수락한 상태,\r\nreject : 사장님이 거절한 상태,\r\ntaking : 라이더가 배달을 잡아 배달하고 있는 상태,\r\ncomplete : 배달을 완료한 상태',
  `taking_at` datetime DEFAULT NULL COMMENT '라이더가 배달을 수락한 일시',
  `order_at` datetime NOT NULL DEFAULT current_timestamp() COMMENT '주문자가 주문한 일시'
) ENGINE=InnoDB DEFAULT CHARSET=utf8mb4;

--
-- 테이블의 덤프 데이터 `deliveries`
--

INSERT INTO `deliveries` (`id`, `store_id`, `orderer_id`, `driver_id`, `state`, `taking_at`, `order_at`) VALUES
(1, 11, 'u5', NULL, 'order', NULL, '2021-06-10 11:15:31'),
(2, 13, 'u3', NULL, 'reject', NULL, '2021-07-02 08:23:20'),
(3, 14, 'u4', 'r4', 'taking', '2021-06-18 16:19:26', '2021-06-18 11:15:26'),
(4, 16, 'u4', NULL, 'accept', NULL, '2021-06-20 20:45:30'),
(5, 16, 'u5', NULL, 'accept', NULL, '2021-06-26 14:08:50'),
(6, 17, 'u3', NULL, 'reject', NULL, '2021-07-04 23:37:07'),
(7, 17, 'u4', NULL, 'reject', NULL, '2021-06-29 22:03:48'),
(8, 17, 'u5', 'r3', 'taking', '2021-07-05 16:20:26', '2021-07-05 16:15:26'),
(9, 18, 'u5', NULL, 'order', NULL, '2021-06-20 13:26:17'),
(10, 19, 'u5', 'r4', 'complete', '2021-07-05 16:23:18', '2021-07-05 16:19:05');

-- --------------------------------------------------------

--
-- 테이블 구조 `delivery_items`
--

CREATE TABLE `delivery_items` (
  `id` bigint(20) NOT NULL COMMENT '배달 주문한 빵',
  `delivery_id` bigint(20) NOT NULL COMMENT '배달 주문/deliveries table 외래키',
  `bread_id` bigint(20) NOT NULL COMMENT '주문한 빵/breads table 외래키',
  `price` int(11) NOT NULL COMMENT '주문한 빵의 가격(할인율이 적용된 가격)',
  `cnt` int(11) NOT NULL COMMENT '주문한 빵의 개수'
) ENGINE=InnoDB DEFAULT CHARSET=utf8mb4;

--
-- 테이블의 덤프 데이터 `delivery_items`
--

INSERT INTO `delivery_items` (`id`, `delivery_id`, `bread_id`, `price`, `cnt`) VALUES
(1, 1, 101, 4100, 9),
(2, 1, 98, 3200, 10),
(3, 2, 119, 10000, 6),
(4, 2, 120, 1560, 6),
(5, 2, 117, 8500, 8),
(6, 2, 118, 3250, 1),
(7, 2, 122, 2550, 10),
(8, 3, 132, 2150, 8),
(9, 3, 136, 6550, 5),
(10, 3, 129, 1250, 7),
(11, 3, 131, 2650, 8),
(12, 4, 152, 2650, 7),
(13, 4, 148, 1450, 7),
(14, 4, 155, 1500, 10),
(15, 4, 149, 850, 8),
(16, 4, 147, 6550, 4),
(17, 4, 156, 1600, 9),
(18, 4, 150, 6000, 6),
(19, 5, 155, 1500, 9),
(20, 5, 151, 6450, 6),
(21, 5, 154, 2750, 2),
(22, 5, 152, 2650, 3),
(23, 5, 148, 1450, 4),
(24, 5, 156, 1600, 3),
(25, 5, 149, 850, 3),
(26, 6, 162, 1750, 10),
(27, 6, 159, 1250, 8),
(28, 6, 160, 2650, 8),
(29, 6, 164, 3650, 1),
(30, 6, 163, 2000, 9),
(31, 6, 157, 1400, 4),
(32, 7, 164, 3650, 4),
(33, 7, 157, 1400, 4),
(34, 7, 163, 2000, 4),
(35, 7, 161, 1950, 4),
(36, 7, 158, 1450, 7),
(37, 8, 157, 1400, 10),
(38, 8, 163, 2000, 10),
(39, 8, 162, 1750, 4),
(40, 8, 160, 2650, 7),
(41, 8, 165, 2900, 9),
(42, 8, 166, 4000, 6),
(43, 9, 174, 3250, 3),
(44, 9, 168, 4850, 6),
(45, 9, 167, 2000, 5),
(46, 9, 169, 8000, 1),
(47, 9, 173, 6500, 4),
(48, 10, 186, 8000, 3),
(49, 10, 179, 3250, 6),
(50, 10, 180, 8900, 4);

-- --------------------------------------------------------

--
-- 테이블 구조 `distances`
--

CREATE TABLE `distances` (
  `id` bigint(20) NOT NULL COMMENT '지역간의 거리',
  `vertex1` bigint(20) NOT NULL COMMENT '지역1/locations table 외래키',
  `vertex2` bigint(20) NOT NULL COMMENT '지역2/locations table 외래키',
  `distance` int(11) NOT NULL COMMENT '거리(단위 : km)'
) ENGINE=InnoDB DEFAULT CHARSET=utf8mb4;

--
-- 테이블의 덤프 데이터 `distances`
--

INSERT INTO `distances` (`id`, `vertex1`, `vertex2`, `distance`) VALUES
(1, 1, 12, 7),
(2, 1, 39, 4),
(3, 1, 72, 2),
(4, 1, 73, 11),
(5, 1, 77, 10),
(6, 1, 78, 7),
(7, 2, 9, 7),
(8, 2, 13, 15),
(9, 2, 44, 5),
(10, 2, 53, 14),
(11, 2, 67, 7),
(12, 3, 27, 11),
(13, 3, 38, 5),
(14, 3, 78, 1),
(15, 4, 11, 4),
(16, 4, 13, 15),
(17, 4, 14, 2),
(18, 4, 40, 9),
(19, 4, 61, 13),
(20, 5, 2, 10),
(21, 5, 20, 7),
(22, 5, 79, 14),
(23, 6, 34, 7),
(24, 6, 35, 14),
(25, 6, 62, 2),
(26, 7, 35, 15),
(27, 7, 43, 4),
(28, 7, 55, 4),
(29, 7, 71, 11),
(30, 8, 27, 9),
(31, 8, 45, 14),
(32, 8, 66, 7),
(33, 9, 18, 2),
(34, 9, 21, 14),
(35, 9, 34, 4),
(36, 9, 35, 9),
(37, 9, 61, 2),
(38, 9, 68, 2),
(39, 10, 56, 10),
(40, 10, 64, 13),
(41, 10, 72, 12),
(42, 10, 78, 4),
(43, 11, 26, 15),
(44, 11, 30, 8),
(45, 11, 41, 6),
(46, 11, 49, 13),
(47, 11, 73, 7),
(48, 11, 79, 15),
(49, 12, 19, 9),
(50, 12, 25, 14),
(51, 12, 29, 5),
(52, 12, 53, 11),
(53, 12, 60, 3),
(54, 13, 33, 5),
(55, 13, 49, 14),
(56, 14, 6, 4),
(57, 14, 34, 5),
(58, 14, 36, 11),
(59, 14, 46, 4),
(60, 14, 59, 12),
(61, 14, 60, 1),
(62, 14, 62, 7),
(63, 14, 67, 4),
(64, 15, 44, 3),
(65, 15, 45, 2),
(66, 15, 63, 14),
(67, 16, 9, 8),
(68, 16, 10, 15),
(69, 16, 44, 13),
(70, 16, 52, 15),
(71, 16, 58, 7),
(72, 16, 76, 5),
(73, 17, 2, 6),
(74, 17, 9, 9),
(75, 17, 16, 7),
(76, 17, 50, 15),
(77, 17, 65, 10),
(78, 17, 72, 2),
(79, 17, 78, 12),
(80, 18, 21, 11),
(81, 18, 34, 13),
(82, 18, 49, 1),
(83, 19, 32, 11),
(84, 19, 51, 12),
(85, 19, 65, 6),
(86, 20, 62, 7),
(87, 21, 1, 8),
(88, 21, 14, 8),
(89, 21, 17, 13),
(90, 21, 22, 5),
(91, 21, 26, 12),
(92, 21, 28, 15),
(93, 21, 72, 2),
(94, 21, 74, 5),
(95, 21, 78, 3),
(96, 22, 38, 5),
(97, 22, 46, 3),
(98, 22, 58, 10),
(99, 22, 61, 5),
(100, 22, 70, 3),
(101, 22, 79, 12),
(102, 23, 12, 12),
(103, 23, 14, 2),
(104, 23, 28, 12),
(105, 23, 52, 4),
(106, 23, 60, 2),
(107, 23, 69, 15),
(108, 24, 9, 12),
(109, 24, 21, 7),
(110, 24, 40, 7),
(111, 24, 41, 1),
(112, 24, 49, 1),
(113, 24, 59, 8),
(114, 24, 71, 12),
(115, 25, 55, 8),
(116, 26, 1, 11),
(117, 26, 5, 11),
(118, 26, 18, 11),
(119, 26, 33, 6),
(120, 26, 68, 12),
(121, 27, 4, 15),
(122, 27, 14, 4),
(123, 27, 18, 11),
(124, 27, 49, 10),
(125, 27, 51, 4),
(126, 27, 54, 11),
(127, 27, 55, 12),
(128, 28, 7, 7),
(129, 28, 9, 7),
(130, 28, 17, 12),
(131, 28, 33, 13),
(132, 28, 51, 3),
(133, 28, 55, 14),
(134, 28, 72, 14),
(135, 28, 73, 6),
(136, 29, 1, 10),
(137, 29, 6, 14),
(138, 29, 50, 12),
(139, 29, 60, 3),
(140, 29, 61, 10),
(141, 30, 34, 13),
(142, 31, 6, 15),
(143, 31, 43, 6),
(144, 31, 70, 3),
(145, 31, 76, 11),
(146, 31, 78, 14),
(147, 32, 42, 15),
(148, 32, 43, 13),
(149, 32, 72, 5),
(150, 33, 30, 4),
(151, 33, 40, 14),
(152, 33, 42, 8),
(153, 33, 55, 3),
(154, 33, 72, 14),
(155, 33, 76, 6),
(156, 34, 44, 7),
(157, 34, 47, 5),
(158, 34, 53, 7),
(159, 34, 76, 1),
(160, 34, 79, 6),
(161, 35, 15, 9),
(162, 35, 23, 13),
(163, 35, 27, 12),
(164, 35, 55, 2),
(165, 35, 57, 7),
(166, 36, 1, 1),
(167, 36, 2, 9),
(168, 36, 6, 9),
(169, 36, 20, 15),
(170, 36, 32, 12),
(171, 36, 33, 13),
(172, 36, 47, 15),
(173, 36, 76, 7),
(174, 37, 9, 13),
(175, 37, 20, 5),
(176, 37, 59, 5),
(177, 37, 77, 1),
(178, 38, 4, 12),
(179, 38, 9, 9),
(180, 38, 15, 1),
(181, 38, 21, 9),
(182, 38, 35, 8),
(183, 38, 65, 6),
(184, 38, 69, 15),
(185, 38, 72, 6),
(186, 39, 5, 5),
(187, 39, 30, 5),
(188, 39, 47, 12),
(189, 39, 48, 5),
(190, 39, 52, 8),
(191, 39, 75, 5),
(192, 39, 76, 11),
(193, 40, 21, 1),
(194, 40, 34, 2),
(195, 40, 45, 2),
(196, 40, 57, 15),
(197, 40, 68, 5),
(198, 41, 23, 14),
(199, 41, 35, 11),
(200, 41, 39, 13),
(201, 41, 45, 15),
(202, 42, 15, 9),
(203, 42, 20, 11),
(204, 42, 59, 3),
(205, 42, 62, 2),
(206, 42, 64, 3),
(207, 43, 67, 6),
(208, 44, 23, 8),
(209, 44, 43, 15),
(210, 44, 47, 12),
(211, 45, 26, 9),
(212, 45, 31, 14),
(213, 45, 43, 4),
(214, 45, 73, 4),
(215, 45, 79, 9),
(216, 46, 12, 7),
(217, 46, 25, 11),
(218, 46, 32, 14),
(219, 46, 54, 7),
(220, 46, 58, 9),
(221, 47, 46, 2),
(222, 47, 54, 4),
(223, 47, 59, 4),
(224, 47, 60, 11),
(225, 47, 61, 6),
(226, 47, 70, 15),
(227, 48, 45, 8),
(228, 48, 61, 15),
(229, 48, 67, 8),
(230, 48, 74, 4),
(231, 48, 79, 7),
(232, 49, 1, 13),
(233, 49, 30, 15),
(234, 49, 41, 12),
(235, 49, 43, 8),
(236, 49, 71, 9),
(237, 50, 16, 8),
(238, 50, 20, 7),
(239, 50, 37, 1),
(240, 50, 63, 15),
(241, 50, 66, 12),
(242, 51, 25, 7),
(243, 51, 26, 15),
(244, 51, 34, 12),
(245, 51, 36, 11),
(246, 51, 59, 2),
(247, 51, 67, 12),
(248, 52, 8, 4),
(249, 52, 40, 5),
(250, 52, 56, 9),
(251, 52, 64, 4),
(252, 52, 69, 3),
(253, 52, 71, 9),
(254, 53, 8, 4),
(255, 53, 17, 7),
(256, 53, 33, 11),
(257, 53, 40, 4),
(258, 53, 46, 7),
(259, 54, 4, 12),
(260, 54, 16, 4),
(261, 54, 21, 15),
(262, 54, 50, 11),
(263, 54, 61, 12),
(264, 54, 76, 10),
(265, 55, 1, 8),
(266, 55, 23, 1),
(267, 55, 31, 6),
(268, 55, 50, 9),
(269, 55, 62, 5),
(270, 55, 66, 6),
(271, 55, 75, 13),
(272, 56, 24, 11),
(273, 56, 34, 5),
(274, 56, 44, 8),
(275, 56, 45, 13),
(276, 56, 53, 13),
(277, 56, 60, 15),
(278, 56, 62, 9),
(279, 56, 64, 12),
(280, 57, 7, 1),
(281, 57, 24, 10),
(282, 57, 31, 3),
(283, 57, 36, 3),
(284, 57, 39, 5),
(285, 57, 45, 12),
(286, 57, 55, 10),
(287, 57, 58, 10),
(288, 57, 62, 5),
(289, 58, 2, 8),
(290, 58, 20, 5),
(291, 58, 21, 8),
(292, 58, 37, 14),
(293, 58, 50, 10),
(294, 58, 75, 3),
(295, 58, 77, 2),
(296, 59, 17, 6),
(297, 59, 26, 1),
(298, 59, 40, 1),
(299, 59, 44, 10),
(300, 59, 63, 3),
(301, 59, 75, 6),
(302, 60, 17, 2),
(303, 60, 33, 8),
(304, 60, 42, 10),
(305, 60, 64, 15),
(306, 60, 65, 11),
(307, 61, 3, 7),
(308, 61, 20, 2),
(309, 61, 45, 13),
(310, 61, 58, 14),
(311, 61, 72, 13),
(312, 62, 10, 6),
(313, 62, 18, 2),
(314, 62, 24, 11),
(315, 62, 33, 13),
(316, 62, 68, 5),
(317, 63, 21, 7),
(318, 63, 22, 3),
(319, 63, 31, 3),
(320, 63, 67, 13),
(321, 64, 11, 10),
(322, 64, 29, 11),
(323, 64, 61, 1),
(324, 64, 79, 7),
(325, 65, 29, 4),
(326, 65, 32, 6),
(327, 65, 35, 2),
(328, 65, 43, 6),
(329, 65, 45, 10),
(330, 65, 49, 13),
(331, 65, 58, 6),
(332, 66, 3, 11),
(333, 66, 14, 8),
(334, 66, 40, 7),
(335, 66, 71, 1),
(336, 66, 77, 9),
(337, 67, 5, 3),
(338, 67, 37, 13),
(339, 67, 65, 9),
(340, 67, 73, 11),
(341, 67, 79, 6),
(342, 68, 38, 6),
(343, 68, 48, 12),
(344, 68, 50, 12),
(345, 69, 11, 15),
(346, 69, 21, 2),
(347, 69, 32, 14),
(348, 70, 18, 8),
(349, 71, 22, 14),
(350, 71, 27, 9),
(351, 71, 34, 11),
(352, 71, 36, 10),
(353, 71, 37, 4),
(354, 71, 45, 2),
(355, 71, 54, 13),
(356, 72, 7, 4),
(357, 72, 51, 14),
(358, 72, 58, 5),
(359, 72, 62, 15),
(360, 72, 66, 4),
(361, 72, 78, 4),
(362, 73, 42, 7),
(363, 73, 43, 13),
(364, 73, 53, 10),
(365, 73, 59, 13),
(366, 73, 71, 14),
(367, 74, 8, 5),
(368, 74, 9, 6),
(369, 74, 32, 6),
(370, 74, 44, 5),
(371, 74, 71, 2),
(372, 75, 14, 9),
(373, 75, 17, 12),
(374, 75, 25, 14),
(375, 75, 61, 13),
(376, 76, 15, 5),
(377, 76, 21, 1),
(378, 76, 24, 11),
(379, 76, 30, 15),
(380, 76, 47, 7),
(381, 76, 70, 3),
(382, 77, 15, 15),
(383, 77, 36, 3),
(384, 77, 71, 2),
(385, 78, 15, 8),
(386, 78, 18, 14),
(387, 78, 26, 7),
(388, 78, 51, 4),
(389, 78, 53, 10),
(390, 78, 54, 12),
(391, 78, 65, 1),
(392, 78, 68, 14),
(393, 78, 73, 9),
(394, 79, 14, 3),
(395, 79, 18, 13),
(396, 79, 19, 8),
(397, 79, 23, 10),
(398, 79, 76, 4),
(399, 70, 1, 13),
(400, 79, 1, 5),
(401, 68, 4, 13),
(402, 69, 2, 2),
(403, 70, 3, 4),
(404, 70, 4, 6),
(405, 71, 3, 6),
(406, 71, 4, 6),
(407, 73, 2, 13),
(408, 74, 4, 4),
(409, 74, 5, 5),
(410, 75, 2, 6),
(411, 75, 3, 10),
(412, 76, 4, 3),
(413, 77, 2, 10),
(414, 77, 3, 13),
(415, 77, 4, 3),
(416, 77, 5, 7),
(417, 78, 2, 3),
(418, 78, 4, 11),
(419, 78, 5, 11),
(420, 79, 2, 8),
(421, 79, 3, 2),
(422, 79, 4, 3),
(423, 68, 5, 6),
(424, 69, 5, 11),
(425, 70, 5, 15),
(426, 72, 5, 14),
(427, 76, 2, 12),
(428, 62, 15, 14),
(429, 64, 7, 1),
(430, 64, 15, 7),
(431, 65, 8, 6),
(432, 66, 9, 2),
(433, 67, 9, 8),
(434, 67, 15, 14),
(435, 69, 7, 14),
(436, 70, 8, 14),
(437, 71, 13, 6),
(438, 72, 11, 10),
(439, 73, 7, 1),
(440, 73, 9, 9),
(441, 73, 12, 9),
(442, 73, 14, 6),
(443, 74, 6, 9),
(444, 74, 10, 4),
(445, 74, 12, 9),
(446, 75, 8, 12),
(447, 75, 13, 9),
(448, 75, 15, 10),
(449, 76, 6, 5),
(450, 76, 7, 3),
(451, 76, 8, 1),
(452, 76, 9, 6),
(453, 76, 10, 7),
(454, 76, 12, 11),
(455, 77, 6, 9),
(456, 77, 7, 4),
(457, 77, 8, 1),
(458, 77, 9, 9),
(459, 77, 10, 15),
(460, 77, 12, 15),
(461, 78, 6, 4),
(462, 78, 7, 7),
(463, 78, 8, 14),
(464, 78, 12, 12),
(465, 78, 13, 3),
(466, 78, 14, 15),
(467, 79, 6, 1),
(468, 79, 7, 8),
(469, 79, 8, 11),
(470, 79, 9, 5),
(471, 79, 10, 3),
(472, 79, 12, 5),
(473, 79, 13, 3),
(474, 79, 15, 3),
(475, 60, 8, 2),
(476, 63, 9, 3),
(477, 69, 6, 8),
(478, 73, 6, 3),
(479, 73, 8, 4),
(480, 74, 7, 13),
(481, 75, 10, 3),
(482, 77, 13, 7),
(483, 50, 6, 15),
(484, 62, 16, 12),
(485, 63, 23, 8),
(486, 70, 25, 15),
(487, 70, 28, 8),
(488, 71, 25, 5),
(489, 73, 22, 6),
(490, 74, 19, 15),
(491, 74, 28, 2),
(492, 74, 30, 13),
(493, 75, 18, 3),
(494, 75, 22, 15),
(495, 76, 17, 10),
(496, 76, 19, 14),
(497, 76, 23, 9),
(498, 76, 25, 1),
(499, 76, 27, 12),
(500, 76, 28, 2),
(501, 76, 29, 6),
(502, 77, 16, 12),
(503, 77, 17, 5),
(504, 77, 19, 4),
(505, 77, 20, 7),
(506, 77, 21, 14),
(507, 77, 22, 7),
(508, 77, 23, 8),
(509, 77, 24, 4),
(510, 77, 26, 4),
(511, 77, 27, 12),
(512, 77, 28, 12),
(513, 77, 29, 10),
(514, 77, 30, 9),
(515, 78, 19, 15),
(516, 78, 20, 3),
(517, 78, 22, 12),
(518, 78, 23, 9),
(519, 78, 24, 9),
(520, 78, 25, 8),
(521, 78, 28, 11),
(522, 78, 29, 4),
(523, 78, 30, 11),
(524, 79, 16, 5),
(525, 79, 17, 10),
(526, 79, 20, 4),
(527, 79, 21, 1),
(528, 79, 24, 12),
(529, 79, 25, 4),
(530, 79, 26, 9),
(531, 79, 27, 5),
(532, 79, 28, 8),
(533, 79, 29, 6),
(534, 79, 30, 9),
(535, 61, 30, 1),
(536, 62, 19, 1),
(537, 65, 30, 9),
(538, 68, 16, 4),
(539, 69, 24, 11),
(540, 72, 16, 5),
(541, 74, 16, 4),
(542, 74, 29, 13),
(543, 75, 16, 13),
(544, 75, 21, 3),
(545, 73, 16, 12),
(546, 59, 48, 10),
(547, 60, 45, 9),
(548, 62, 34, 1),
(549, 67, 34, 13),
(550, 70, 33, 1),
(551, 70, 45, 12),
(552, 72, 46, 13),
(553, 74, 35, 14),
(554, 74, 47, 10),
(555, 75, 31, 4),
(556, 75, 32, 6),
(557, 75, 36, 3),
(558, 75, 43, 4),
(559, 76, 32, 7),
(560, 77, 31, 4),
(561, 77, 32, 8),
(562, 77, 33, 5),
(563, 77, 34, 4),
(564, 77, 35, 15),
(565, 77, 47, 2),
(566, 77, 48, 12),
(567, 78, 33, 14),
(568, 78, 34, 3),
(569, 78, 35, 5),
(570, 78, 37, 10),
(571, 78, 42, 4),
(572, 78, 46, 3),
(573, 78, 48, 12),
(574, 79, 31, 11),
(575, 79, 32, 9),
(576, 79, 33, 11),
(577, 79, 35, 14),
(578, 79, 36, 13),
(579, 79, 37, 3),
(580, 79, 38, 11),
(581, 79, 39, 14),
(582, 79, 40, 1),
(583, 79, 41, 12),
(584, 79, 42, 7),
(585, 79, 43, 1),
(586, 79, 44, 3),
(587, 79, 46, 6),
(588, 79, 47, 4),
(589, 79, 49, 1),
(590, 79, 50, 14),
(591, 64, 32, 6),
(592, 67, 33, 8),
(593, 68, 31, 1),
(594, 68, 32, 8),
(595, 68, 36, 9),
(596, 69, 46, 2),
(597, 70, 44, 14),
(598, 74, 36, 5),
(599, 78, 43, 3),
(600, 64, 54, 13),
(601, 69, 58, 10),
(602, 70, 64, 8),
(603, 72, 63, 9),
(604, 76, 65, 6),
(605, 78, 52, 9),
(606, 78, 58, 15),
(607, 78, 63, 2),
(608, 79, 51, 7),
(609, 79, 52, 2),
(610, 79, 53, 5),
(611, 79, 54, 1),
(612, 79, 55, 8),
(613, 79, 56, 13),
(614, 79, 57, 6),
(615, 79, 58, 5),
(616, 79, 59, 1),
(617, 79, 60, 11),
(618, 79, 61, 1),
(619, 79, 62, 7),
(620, 79, 63, 2),
(621, 79, 65, 12),
(622, 70, 52, 10),
(623, 70, 59, 5),
(624, 77, 63, 4),
(625, 69, 66, 7),
(626, 74, 70, 13),
(627, 74, 78, 7),
(628, 75, 66, 1),
(629, 75, 73, 9),
(630, 76, 67, 13),
(631, 76, 71, 15),
(632, 78, 66, 13),
(633, 79, 66, 13),
(634, 79, 68, 15),
(635, 79, 69, 8),
(636, 79, 70, 12),
(637, 79, 71, 6),
(638, 79, 72, 13),
(639, 79, 73, 12),
(640, 79, 74, 3),
(641, 79, 75, 10),
(642, 79, 77, 6),
(643, 79, 78, 11);

-- --------------------------------------------------------

--
-- 테이블 구조 `grades`
--

CREATE TABLE `grades` (
  `id` bigint(20) NOT NULL COMMENT '빵집 평점',
  `user_id` varchar(255) NOT NULL COMMENT '평점 남긴 사용자/users table 외래키',
  `store_id` bigint(20) NOT NULL COMMENT '평점 받은 빵집/stores table 외래키',
  `score` int(11) NOT NULL COMMENT '평점 점수 - 0 ~ 5'
) ENGINE=InnoDB DEFAULT CHARSET=utf8mb4;

--
-- 테이블의 덤프 데이터 `grades`
--

INSERT INTO `grades` (`id`, `user_id`, `store_id`, `score`) VALUES
(1, 'u1', 2, 1),
(2, 'u1', 4, 4),
(3, 'u1', 8, 3),
(4, 'u1', 10, 1),
(5, 'u1', 13, 1),
(6, 'u1', 18, 2),
(7, 'u2', 1, 4),
(8, 'u2', 3, 3),
(9, 'u2', 4, 2),
(10, 'u2', 5, 3),
(11, 'u2', 6, 5),
(12, 'u2', 8, 5),
(13, 'u2', 14, 0),
(14, 'u2', 15, 3),
(15, 'u2', 17, 3),
(16, 'u3', 1, 4),
(17, 'u3', 5, 0),
(18, 'u3', 7, 2),
(19, 'u3', 9, 4),
(20, 'u3', 11, 4),
(21, 'u3', 12, 3),
(22, 'u3', 13, 2),
(23, 'u3', 14, 1),
(24, 'u3', 17, 5),
(25, 'u4', 1, 0),
(26, 'u4', 2, 5),
(27, 'u4', 5, 1),
(28, 'u4', 6, 4),
(29, 'u4', 11, 0),
(30, 'u4', 12, 0),
(31, 'u4', 13, 3),
(32, 'u4', 14, 3),
(33, 'u4', 15, 5),
(34, 'u4', 18, 2),
(35, 'u4', 19, 2),
(36, 'u5', 1, 5),
(37, 'u5', 2, 4),
(38, 'u5', 3, 2),
(39, 'u5', 4, 0),
(40, 'u5', 5, 3),
(41, 'u5', 6, 1),
(42, 'u5', 7, 3),
(43, 'u5', 12, 5),
(44, 'u5', 13, 1),
(45, 'u5', 14, 5),
(46, 'u5', 17, 0),
(47, 'u5', 18, 5),
(48, 'u5', 19, 1);

-- --------------------------------------------------------

--
-- 테이블 구조 `likes`
--

CREATE TABLE `likes` (
  `id` bigint(20) NOT NULL COMMENT '리뷰 공감',
  `user_id` varchar(255) NOT NULL COMMENT '공감 누른 사용자/users table 외래키',
  `review_id` bigint(20) NOT NULL COMMENT '공감 달린 리뷰'
) ENGINE=InnoDB DEFAULT CHARSET=utf8mb4;

--
-- 테이블의 덤프 데이터 `likes`
--

INSERT INTO `likes` (`id`, `user_id`, `review_id`) VALUES
(1, 'u4', 1),
(2, 'u5', 1),
(3, 'u3', 2),
(4, 'u5', 2),
(5, 'u4', 3),
(6, 'u3', 4),
(7, 'u5', 6),
(8, 'u3', 7),
(9, 'u3', 9),
(10, 'u4', 12),
(11, 'u5', 14),
(12, 'u5', 15),
(13, 'u3', 16),
(14, 'u4', 16),
(15, 'u5', 17),
(16, 'u4', 18),
(17, 'u4', 19),
(18, 'u5', 19),
(19, 'u3', 20),
(20, 'u4', 20),
(21, 'u4', 21),
(22, 'u3', 22),
(23, 'u5', 22),
(24, 'u4', 23),
(25, 'u5', 23),
(26, 'u3', 24),
(27, 'u5', 24),
(28, 'u4', 25),
(29, 'u5', 25),
(30, 'u3', 26),
(31, 'u4', 27),
(32, 'u3', 28),
(33, 'u4', 28);

-- --------------------------------------------------------

--
-- 테이블 구조 `locations`
--

CREATE TABLE `locations` (
  `id` bigint(20) NOT NULL COMMENT '지역',
  `borough` varchar(255) NOT NULL COMMENT '지역 자치구 이름',
  `name` varchar(255) NOT NULL COMMENT '지역 행정구역 이름'
) ENGINE=InnoDB DEFAULT CHARSET=utf8mb4;

--
-- 테이블의 덤프 데이터 `locations`
--

INSERT INTO `locations` (`id`, `borough`, `name`) VALUES
(1, '동구', '중앙동'),
(2, '동구', '신인동'),
(3, '동구', '효동'),
(4, '동구', '판암1동'),
(5, '동구', '판암2동'),
(6, '동구', '용운동'),
(7, '동구', '대동'),
(8, '동구', '자양동'),
(9, '동구', '가양1동'),
(10, '동구', '가양2동'),
(11, '동구', '용전동'),
(12, '동구', '성남동'),
(13, '동구', '홍도동'),
(14, '동구', '삼성동'),
(15, '동구', '대청동'),
(16, '동구', '산내동'),
(17, '중구', '운행선화동'),
(18, '중구', '목동'),
(19, '중구', '중촌동'),
(20, '중구', '대흥동'),
(21, '중구', '문창동'),
(22, '중구', '석교동'),
(23, '중구', '대사동'),
(24, '중구', '부사동'),
(25, '중구', '용두동'),
(26, '중구', '오류동'),
(27, '중구', '태평1동'),
(28, '중구', '태평2동'),
(29, '중구', '유천1동'),
(30, '중구', '유천2동'),
(31, '중구', '문화1동'),
(32, '중구', '문화2동'),
(33, '중구', '산성동'),
(34, '서구', '복수동'),
(35, '서구', '도마1동'),
(36, '서구', '도마2동'),
(37, '서구', '정림동'),
(38, '서구', '변동'),
(39, '서구', '용문동'),
(40, '서구', '탄방동'),
(41, '서구', '둔산1동'),
(42, '서구', '둔산2동'),
(43, '서구', '둔산3동'),
(44, '서구', '괴정동'),
(45, '서구', '가장동'),
(46, '서구', '내동'),
(47, '서구', '갈마1동'),
(48, '서구', '갈마2동'),
(49, '서구', '월평1동'),
(50, '서구', '월평2동'),
(51, '서구', '월평3동'),
(52, '서구', '만년동'),
(53, '서구', '가수원동'),
(54, '서구', '관저1동'),
(55, '서구', '관저2동'),
(56, '서구', '기성동'),
(57, '유성구', '진잠동'),
(58, '유성구', '원신흥동'),
(59, '유성구', '온천1동'),
(60, '유성구', '온천2동'),
(61, '유성구', '노은1동'),
(62, '유성구', '노은2동'),
(63, '유성구', '노은3동'),
(64, '유성구', '신성동'),
(65, '유성구', '전민동'),
(66, '유성구', '구즉동'),
(67, '유성구', '관평동'),
(68, '대덕구', '오정동'),
(69, '대덕구', '대화동'),
(70, '대덕구', '회덕동'),
(71, '대덕구', '비래동'),
(72, '대덕구', '송촌동'),
(73, '대덕구', '중리동'),
(74, '대덕구', '법1동'),
(75, '대덕구', '법2동'),
(76, '대덕구', '신탄진동'),
(77, '대덕구', '석봉동'),
(78, '대덕구', '덕암동'),
(79, '대덕구', '목상동');

-- --------------------------------------------------------

--
-- 테이블 구조 `replies`
--

CREATE TABLE `replies` (
  `id` bigint(20) NOT NULL COMMENT '리뷰 답글',
  `review_id` bigint(20) NOT NULL COMMENT '답글 달린 리뷰/reviews table 외래키',
  `contents` text NOT NULL COMMENT '답글 내용'
) ENGINE=InnoDB DEFAULT CHARSET=utf8mb4;

--
-- 테이블의 덤프 데이터 `replies`
--

INSERT INTO `replies` (`id`, `review_id`, `contents`) VALUES
(1, 2, '<script>alert(\"HTML text를 Escape 처리하지 못했습니다.\")</script>예쁜 리뷰 정말감사드립니다~\r\n항상 감사드리며 우리 모두 코로나 방역수칙을 잘 지켜서 마스크없이 편하게 빵을 먹을 수 있는 날이 오기를 바래요~'),
(2, 3, '저희 성심당을 방문해주시고 리뷰를 남겨주셔서 정말 감사드려요! 모든 분들이 느끼하지않고 맛있게 드실 수 있는 빵을 만들때까지 최선을 다하겠습니다!'),
(3, 4, '예쁘고 맛있게 느끼셨다니 참 다행입니다~ 이렇게 예쁜 리뷰남겨주시는 분도 분명 예쁠거 같네요~ 오늘도 좋은하루 되시고 항상 감사드립니다~~'),
(4, 8, '좋은 리뷰 감사합니다! 항상 저렴한 가격으로 최대한 큰 만족을 느끼실 수 있도록 항상 노력하겠습니다!'),
(5, 12, '저희 매장은 365일 고객님들에게 최고의 맛을 가진 빵을 제공하기위해 매일 즉석에서 빵을 굽는것을 원칙으로 하고있습니다. 방문해주셔서 감사합니다. 좋은하루 되세요.'),
(6, 14, '고객님이 만족하신거 같아 기분이 되게 좋네요! 더욱 열심히 해서 더 인기있는 매점이 되겠습니다!'),
(7, 25, '저희 매장은 빵의 맛을 최우선으로 생각해서 고급밀가루를 사용하고 있습니다. 그래서 단가는 다른 매장에 비해 높은편이지만 고객님들이 만족할 수 있도록 고집하고있습니다.');

-- --------------------------------------------------------

--
-- 테이블 구조 `reservations`
--

CREATE TABLE `reservations` (
  `id` bigint(20) NOT NULL COMMENT '방문 예약',
  `store_id` bigint(20) NOT NULL COMMENT '예약한 빵집/stores table 외래키',
  `user_id` varchar(255) NOT NULL COMMENT '예약한 유저/users table 외래키',
  `request_at` datetime NOT NULL DEFAULT current_timestamp() COMMENT '방문 예약 신청 일시',
  `reservation_at` datetime NOT NULL COMMENT '방문 일시',
  `state` enum('order','accept','reject') NOT NULL DEFAULT 'order' COMMENT '상태 - order : 사용자가 예약 신청한 상태, accept : 사장님이 수락한 상태, reject : 사장님이 거절한 상태'
) ENGINE=InnoDB DEFAULT CHARSET=utf8mb4;

--
-- 테이블의 덤프 데이터 `reservations`
--

INSERT INTO `reservations` (`id`, `store_id`, `user_id`, `request_at`, `reservation_at`, `state`) VALUES
(1, 1, 'u1', '2021-06-07 08:32:10', '2021-06-10 15:20:00', 'accept'),
(2, 4, 'u2', '2021-06-19 16:31:06', '2021-07-02 16:20:00', 'order'),
(3, 7, 'u2', '2021-06-28 09:46:04', '2021-07-06 12:00:00', 'accept'),
(4, 9, 'u2', '2021-05-27 17:10:32', '2021-06-15 13:00:00', 'order'),
(5, 12, 'u3', '2021-05-25 09:36:11', '2021-06-01 16:00:00', 'order'),
(6, 12, 'u3', '2021-06-01 11:50:16', '2021-06-22 20:30:00', 'reject'),
(7, 16, 'u3', '2021-06-01 08:34:00', '2021-06-02 12:30:00', 'order'),
(8, 17, 'u3', '2021-04-09 18:25:16', '2021-04-14 11:50:00', 'order'),
(9, 19, 'u4', '2021-05-31 20:17:41', '2021-06-11 14:00:00', 'accept'),
(10, 20, 'u5', '2021-06-10 13:19:46', '2021-06-22 11:30:00', 'accept');

-- --------------------------------------------------------

--
-- 테이블 구조 `reviews`
--

CREATE TABLE `reviews` (
  `id` bigint(20) NOT NULL COMMENT '빵집 리뷰',
  `title` varchar(255) NOT NULL COMMENT '리뷰 제목',
  `contents` text NOT NULL COMMENT '리뷰 내용',
  `image` varchar(255) DEFAULT NULL COMMENT '리뷰 사진',
  `write_at` date NOT NULL DEFAULT current_timestamp() COMMENT '리뷰 작성 날짜',
  `store_id` bigint(20) NOT NULL COMMENT '리뷰 달린 빵집/stores table 외래키',
  `user_id` varchar(255) NOT NULL COMMENT '리뷰 작성한 사용자/users table 외래키'
) ENGINE=InnoDB DEFAULT CHARSET=utf8mb4;

--
-- 테이블의 덤프 데이터 `reviews`
--

INSERT INTO `reviews` (`id`, `title`, `contents`, `image`, `write_at`, `store_id`, `user_id`) VALUES
(1, '대전의 명물 성심당입니다.', '언제가도 사람들이 많네요\r\n전 튀김소보로빵이랑 부추빵 반반세트샀어요\r\n오랜만에 먹었는데도 맛있다는~\r\n2만원이상사면 튀김소보로빵 하나를 더줘요~👍', '/image/review/20200412015740209_photo_97428385fcd8.jpg', '2021-05-03', 1, 'u3'),
(2, '대전에 가면 꼭 들러야 하는 성심당', '인원을 제한두고 입장하게하고 입구에 소독제를 배치하는등 코로나방역을 잘하고있었고 종류도많고 빵도 전부 맛있었습니다', '/image/review/20191221063531_photo1_c175137efa0e.jpg', '2021-06-03', 1, 'u4'),
(3, '대전하면 성심당이 유명해서 먹으러 가본 곳', '부추빵이랑 튀김소보로 크로와상 초코크로와상\r\n(가운데는 잘 기억이 안남..) 매장 규모도 엄청 크고 빵공장처럼 직원들이 안에서 빵을 계속 만든다\r\n계산하는 속도도 엄청 빨라서 기다리지 않고 바로 구매가 가능했다\r\n크로와상은 누구나 아는 평범한 맛이었고(맛있음)\r\n튀김소보로는 튀겨져서 많이 느끼했다..\r\n부추빵은 만두속을 빵에다가 넣은 맛인데 구지 만두를 안먹고 빵을 먹어야하나 싶은 맛이었다..\r\n전체적으로 신기해서 먹어볼맛이었지만 두번은 안사먹을 것 같아서.. 실망을 많이 했음', NULL, '2020-12-02', 1, 'u5'),
(4, '인스타갬성 굿!!', '너무 예쁜카페에요!!! 귀여운 디저트도 많고 음료도 너무 맛있어요!!! 테이블 의자 예쁘고 편해요', '/image/review/20200902124341_photo1_6bb9e1ff14ff.jpg', '2020-08-14', 3, 'u4'),
(5, '카페 안이 너무 예뻐요', '내부보면 인테리어도 예쁘고 디저트도 괜찮아서 자주 가는 곳이에요~ 카페 들어가기 전 내관도 진짜 예뻐요 ㅠㅠ 꽃집같은 느낌의 초록색이거든요..! 안으로 들어가서 화장실 쪽으로 가보면 그 앞에 거울이랑 예쁘게 꾸며진 포토존 같은게 있어서 사진도 찍을 수 있어요 ㅎㅎ 디저트도 매번 바뀌는데 보는 재미, 먹는 재미가 있는 것 같아요 ** 여기 디저트 중에 메인은 맘모스빵이에요', '/image/review/20200513094043_photo1_500dea6b6bd3.jpg', '2021-02-04', 3, 'u5'),
(6, '특색있는 빵을 팔고 있는 슬로우브레드.', '다른 빵집과는 다른, 이 가게만의 메뉴가 많아서 좋다. 바질바게트가 짭짤하면서도 달달해서 맛있다. 가격도 크게 비싸지는 않다.', NULL, '2021-06-09', 4, 'u3'),
(7, '숨은맛집!!', '워낙 유명한곳이라 방문 했어요. 밤에 가니종류는 별로 없지만 맛났어요', NULL, '2019-11-28', 4, 'u5'),
(8, '저 세상 킹성비, 마마러브파이!', '다양한 맛의 타르트, 파이를 맛볼 수 있는 곳입니다. 글씨 주문하는 것도 1000원밖에 안해서 정말 가성비 최고입니다!!', '/image/review/20200824030448243_menu_32b06416ea97.jpg', '2021-06-09', 6, 'u5'),
(9, '브런치 맛집으로도 유명한 베이커리~~', '빵 커피 브런치까지 먹을 수 있는 캘리포니아 입니다 빵도 케이크도 맛있어요 미니 머핀이 너무 귀엽길래 사봤는데 맛도 좋네요 레몬 치즈 초코 녹차 다 맛있습니다 파스타랑 아메리카노도 예전에 먹어봤는데 맛있었어요', '/image/review/20191005111044896_menu_a2accf8dbf73.jpg', '2021-06-21', 7, 'u4'),
(10, '그냥 그럭저럭...', '조금 시끄럽고 사람들이 많아 와이파이가 안잡효요!! 옆쪽 카페거리 조용한곳으로 가는걸 추천. 빵은 나쁘진 않아요', NULL, '2020-05-06', 7, 'u5'),
(11, '항상 좋은 빵 감사합니다~~', '매장이 가까이 있을때는 자주 갔는데 멀어서 자주는 못가요. 그래도대전 갈 들려요. 넘 맛있어요~^^', '/image/review/20200523091213294_photo_RnjrKF5u0Ilx.jpg', '2021-02-16', 9, 'u3'),
(12, '🌭🍞🥯👍👍', '😋<script>alert(\"HTML text를 Escape 처리하지 못했습니다.\")</script>다양한 디저트가 즐비 구경하는 즐거움도 가득 원데이클래스도 하고 매일 즉석 굽는단당 매력이야 짱맛있었음', NULL, '2021-06-01', 10, 'u5'),
(13, '전체적으로 만족스럽네요', '성심당 방문시 갔어요:-) 2층 카페 이용하려고 했다가 식사했는데 만족 !', '/image/review/20200301124204_photo1_f7b7bc9f7ef0.jpg', '2020-11-30', 11, 'u4'),
(14, '인기많은 기본 디저트집 추천합니당!', 'ㅋㅋㅋ 인기가많대서 가본 디저트집! 짱짱이엇엉! 좋다좋아', '/image/review/20180719100908_photo1_MA8nQeF15NoI.jpg', '2019-08-26', 12, 'u3'),
(15, '가끔 방문할만한 곳인거같아욤', '마카롱이 먹고싶어서 찾아간 곳. 꽉 찬 필링과 쫀득한 꼬끄가 맘에 들었지만 두 개 이상 먹으면 물릴듯 함.. 머랭쿠키도 서비스로 주신다☺️ 뚱카롱이 먹고 싶을 때 재방문 할 예정!', NULL, '2020-09-19', 12, 'u4'),
(16, '유명한곳은 이유가 있다', '사장님도 친절하시고 맛도 괜춘했어요. 왜 인기가 많은지 알거같네요', NULL, '2018-12-03', 12, 'u5'),
(17, '이힛 맛잇는거 먹어서 기본좋당', '베이커리카페 요즘 많이 생기는 듯 맛잇다 다른 카페에서 먹은거보다 앙버터 더 맛잇음 짱짱', NULL, '2021-03-31', 13, 'u4'),
(18, '아따 맛나다 맛나', '빵이 맛있는 카페입니다~ ㅎㅎ 크로와상하고 앙버터가 맛난득', '/image/review/20181009124925044_photo0_75hYYgUvK8x7.jpg', '2021-05-04', 13, 'u5'),
(19, '대전 진또빼기 빵 맛집!', '대전이 빵의 도시라고는 하지만 정말 맛있는 빵집은 몇 군데 없다고 생각합니다. 그치만 이 곳의 모든 빵들은 다 맛있더라구요. 샌드위치가 가성비가 좋고 깔끔해서 유명하긴 하지만 다른 기본 빵들이 워낙 탄탄해서 맛있는 샌드위치가 탄생할 수 있지 않았나 싶습니다. 항상 가면 거의 모든 종류의 빵들을 하나씩 담아오는 편입니다. 예약도 가능하니 인스타로 전날 미리 예약하고 가시는 것을 추천합니다.', '/image/review/20191106083736_photo1_2bf46bdc4045.jpg', '2021-04-30', 14, 'u3'),
(20, '용가리 알 깨기 ㅎㅎ', 'ㅋㅋㅋ 초코빙수 도전 맛있게 먹엇당 친절하셔서 좋았다!', '/image/review/20180626094646_photo1_MA8nQeF15NoI.jpg', '2021-03-15', 15, 'u5'),
(21, '여러분은 많이 사가세요...', '하레하레사려고 왔는데 빵 종류가 진짜 많았고 하레하레는 진짜 맛있어서 더 사올껄 후회했다 ㅠㅠ', NULL, '2020-07-14', 16, 'u3'),
(22, '🧡💛💙💜🖤💘', '동네빵집이었다가 승승장구하는 하레하레..ㅋㅋㅋㅋㅋㅋㅋㅋㅋㅋ예전엔 신박한 메뉴도 많았는데 요즘은 그냥 그래여..그래도 빵 자체는 말할 필요없이 맛있어요! 보면 알바는 아니고 다 직원인거 같던데 가끔 응대가 티나게 불친절한 직원들이 있어서 조금 짜증나긴 하는데 뭐 바쁘니까. 개인적으로는 성심당보다 맛있는거 같아요 주변 친구들한테는 집갈때 성심당말고 하레하레 사가라고 하는 정도', NULL, '2020-10-10', 16, 'u4'),
(23, '약간의 하자....', '빵 정말 맛있어요 디저트 음료 다 좋은데 가격이 좀 비싼거같아요 또 주인양반도 딱히 친절한거같지는....;;', '/image/review/20180403084517_photo2_add3b194ca94.jpg', '2021-03-17', 17, 'u3'),
(24, '굿.... 따봉....', '토요일 오후 6시쯤 방문했는데 사진에 보이는 것만 남았다 아차 오늘도 한발 늦었다 여기 있는거 다 주세요 ㅎㅎ  젊은 빵쟁이들이 건강빵을 만드는 곳인데 다양한 재료를 이용해서 새로운 맛을 보여주고 있다', NULL, '2020-08-15', 18, 'u4'),
(25, '콜마르는 제가 시도한 동네 빵집 중 최고의 베이커리 입니다.', '파xxxx나 뚜xxx 같은 베이커리 체인점의 빵에서 나는 특유의 텁텁한 밀가루맛 같은 걸 굉장히 싫어하는 데, 콜마르에서는 그런 맛을 조금도 찾아볼 수 없습니다. 가게 내에서 아무 빵이나 집어도 다 맛있습니다. 가격이 조금 있지만 이 정도 맛이면 전 충분히 값어치를 한다고 생각합니다.', NULL, '2021-06-07', 19, 'u3'),
(26, '끼리바나나는 진리...', '끼리바나나 진짜 보이면 무조건 사세요... 세상에서 가장 맛있는 빵입니다 레드벨벳도 맛있고 생크림케이크도 다 맛있어요', NULL, '2021-05-07', 19, 'u4'),
(27, '이게 빵집이지', '동네에 이런 빵집 하나 있으면 프랜차이즈 못가지 ㅎㅎㅎ', NULL, '2020-10-27', 19, 'u5'),
(28, '하.. 행복... 🎈', '대전에서 스페셜티 커피하면 왜 톨드어스토리인지 느낄 수 있었습니다. 드립은 에티오피아로 주문했었는데 한잔의 레몬에이드 또는 레몬티를 마신 듯한 상큼하고 산뜻한 향이 아주 기분 좋았어요. 이날 원두도 구매해서 (조커블렌드) 집에서도 마셔보았는데 따뜻하게 마실 때 뿐만 아니라 아이스로 마실 때도 너무 맛있어서 행복했습니다. 커피로 유명한 집이기에 베이커리는 기대하지 않았으나 시나몬롤이 정말 맛있어서 놀랐습니다. 견과류가 함께 씹히는 시나몬롤 지금도 생각나네요.. 대전 가면 톨드어스토리를 꼭 가야합니다 여러분... 2호점에 매일매일 있는지는 모르겠지만 엄청 귀엽고 하얗고 작고 소중한 말티즈 친구도 있었어요.. 완전 사랑둥이...', '/image/review/20190824012800_photo1_40f78e50c2a3.jpg', '2020-05-06', 20, 'u5');

-- --------------------------------------------------------

--
-- 테이블 구조 `stores`
--

CREATE TABLE `stores` (
  `id` bigint(20) NOT NULL COMMENT '빵집',
  `name` varchar(255) NOT NULL COMMENT '빵집 이름',
  `user_id` varchar(255) NOT NULL COMMENT '빵집 사장님/users table 외래키',
  `image` varchar(255) NOT NULL COMMENT '빵집 대표 사진 경로',
  `connect` varchar(255) NOT NULL COMMENT '빵집 전화번호'
) ENGINE=InnoDB DEFAULT CHARSET=utf8mb4;

--
-- 테이블의 덤프 데이터 `stores`
--

INSERT INTO `stores` (`id`, `name`, `user_id`, `image`, `connect`) VALUES
(1, '성심당', 'o1', '/image/store/o1.jpg', '1588-8069'),
(2, '봉명가든', 'o10', '/image/store/o10.jpg', '042-384-7700'),
(3, '로그 카페', 'o11', '/image/store/o11.jpg', '042-484-1400'),
(4, '슬로우브레드', 'o12', '/image/store/o12.jpg', '070-8834-0904'),
(5, '어거스트 홍미당', 'o13', '/image/store/o13.jpg', '042-861-0425'),
(6, '마마러브파이', 'o14', '/image/store/o14.jpg', '010-9364-1155'),
(7, '캘리포니아', 'o15', '/image/store/o15.jpg', '042-477-1380'),
(8, 'pnpm', 'o16', '/image/store/o16.jpg', '042-486-8871'),
(9, '파이한모금', 'o17', '/image/store/o17.jpg', '010-6422-4633'),
(10, '올리브 가든', 'o18', '/image/store/o18.jpg', '042-622-8018'),
(11, '테라스키친', 'o19', '/image/store/o19.jpg', '042-861-7001'),
(12, '바이러브하니', 'o2', '/image/store/o2.jpg', '042-223-8004'),
(13, 'TEMS', 'o20', '/image/store/o20.jpg', '042-535-8604'),
(14, '베이크오프', 'o3', '/image/store/o3.jpg', '042-472-1248'),
(15, '메이드비', 'o4', '/image/store/o4.jpg', '042-472-9985'),
(16, '하레하레', 'o5', '/image/store/o5.jpg', '042-483-1595'),
(17, '꾸드뱅', 'o6', '/image/store/o6.jpg', '042-825-3033'),
(18, '사월제과', 'o7', '/image/store/o7.jpg', '010-8376-9403'),
(19, '콜마르브레드', 'o8', '/image/store/o8.jpg', '042-863-0206'),
(20, '톨드어스토리', 'o9', '/image/store/o9.jpg', '070-8621-2335');

-- --------------------------------------------------------

--
-- 테이블 구조 `users`
--

CREATE TABLE `users` (
  `id` varchar(255) NOT NULL COMMENT '사용자 아이디',
  `name` varchar(255) NOT NULL COMMENT '사용자 이름',
  `pw` varchar(255) NOT NULL COMMENT '사용자 비밀번호',
  `type` enum('normal','rider','owner') NOT NULL COMMENT '사용자 타입\r\n- normal : 사용자,\r\nrider : 라이더\r\nowner : 사장님',
  `location_id` bigint(20) NOT NULL COMMENT '유저 위치/locations table 외래키\r\n- 사용자 : 배달주소, 라이더 : 현재 위치, 사장님 : 빵집 주소',
  `transportation` enum('bike','motorcycle') DEFAULT NULL COMMENT '라이더 교통수단 - bike : 자전거, motorcycle : 오토바이'
) ENGINE=InnoDB DEFAULT CHARSET=utf8mb4;

--
-- 테이블의 덤프 데이터 `users`
--

INSERT INTO `users` (`id`, `name`, `pw`, `type`, `location_id`, `transportation`) VALUES
('o1', '허문숙', '1234', 'owner', 79, NULL),
('o10', '박시혁', '1234', 'owner', 45, NULL),
('o11', '표성민', '1234', 'owner', 32, NULL),
('o12', '조태호', '1234', 'owner', 72, NULL),
('o13', '장동욱', '1234', 'owner', 15, NULL),
('o14', '홍원경', '1234', 'owner', 46, NULL),
('o15', '문현석', '1234', 'owner', 24, NULL),
('o16', '최수민', '1234', 'owner', 51, NULL),
('o17', '추미정', '1234', 'owner', 6, NULL),
('o18', '박경민', '1234', 'owner', 24, NULL),
('o19', '송희주', '1234', 'owner', 67, NULL),
('o2', '강승재', '1234', 'owner', 35, NULL),
('o20', '고상희', '1234', 'owner', 28, NULL),
('o3', '배명자', '1234', 'owner', 18, NULL),
('o4', '제갈형기', '1234', 'owner', 14, NULL),
('o5', '전윤정', '1234', 'owner', 10, NULL),
('o6', '강명옥', '1234', 'owner', 72, NULL),
('o7', '윤혜지', '1234', 'owner', 12, NULL),
('o8', '풍윤재', '1234', 'owner', 26, NULL),
('o9', '신원진', '1234', 'owner', 38, NULL),
('r1', '하연준', '1234', 'rider', 3, 'motorcycle'),
('r2', '유선화', '1234', 'rider', 43, 'bike'),
('r3', '오규환', '1234', 'rider', 43, 'motorcycle'),
('r4', '예준희', '1234', 'rider', 34, 'motorcycle'),
('r5', '신광일', '1234', 'rider', 17, 'bike'),
('u1', '배용기', '1234', 'normal', 23, NULL),
('u2', '권용진', '1234', 'normal', 12, NULL),
('u3', '설민주', '1234', 'normal', 6, NULL),
('u4', '권시원', '1234', 'normal', 66, NULL),
('u5', '노창수', '1234', 'normal', 72, NULL);

--
-- 덤프된 테이블의 인덱스
--

--
-- 테이블의 인덱스 `breads`
--
ALTER TABLE `breads`
  ADD PRIMARY KEY (`id`);

--
-- 테이블의 인덱스 `deliveries`
--
ALTER TABLE `deliveries`
  ADD PRIMARY KEY (`id`);

--
-- 테이블의 인덱스 `delivery_items`
--
ALTER TABLE `delivery_items`
  ADD PRIMARY KEY (`id`);

--
-- 테이블의 인덱스 `distances`
--
ALTER TABLE `distances`
  ADD PRIMARY KEY (`id`);

--
-- 테이블의 인덱스 `grades`
--
ALTER TABLE `grades`
  ADD PRIMARY KEY (`id`);

--
-- 테이블의 인덱스 `likes`
--
ALTER TABLE `likes`
  ADD PRIMARY KEY (`id`);

--
-- 테이블의 인덱스 `locations`
--
ALTER TABLE `locations`
  ADD PRIMARY KEY (`id`);

--
-- 테이블의 인덱스 `replies`
--
ALTER TABLE `replies`
  ADD PRIMARY KEY (`id`);

--
-- 테이블의 인덱스 `reservations`
--
ALTER TABLE `reservations`
  ADD PRIMARY KEY (`id`);

--
-- 테이블의 인덱스 `reviews`
--
ALTER TABLE `reviews`
  ADD PRIMARY KEY (`id`);

--
-- 테이블의 인덱스 `stores`
--
ALTER TABLE `stores`
  ADD PRIMARY KEY (`id`);

--
-- 테이블의 인덱스 `users`
--
ALTER TABLE `users`
  ADD PRIMARY KEY (`id`);

--
-- 덤프된 테이블의 AUTO_INCREMENT
--

--
-- 테이블의 AUTO_INCREMENT `breads`
--
ALTER TABLE `breads`
  MODIFY `id` bigint(20) NOT NULL AUTO_INCREMENT COMMENT '빵', AUTO_INCREMENT=197;

--
-- 테이블의 AUTO_INCREMENT `deliveries`
--
ALTER TABLE `deliveries`
  MODIFY `id` bigint(20) NOT NULL AUTO_INCREMENT COMMENT '배달 주문', AUTO_INCREMENT=11;

--
-- 테이블의 AUTO_INCREMENT `delivery_items`
--
ALTER TABLE `delivery_items`
  MODIFY `id` bigint(20) NOT NULL AUTO_INCREMENT COMMENT '배달 주문한 빵', AUTO_INCREMENT=51;

--
-- 테이블의 AUTO_INCREMENT `distances`
--
ALTER TABLE `distances`
  MODIFY `id` bigint(20) NOT NULL AUTO_INCREMENT COMMENT '지역간의 거리', AUTO_INCREMENT=644;

--
-- 테이블의 AUTO_INCREMENT `grades`
--
ALTER TABLE `grades`
  MODIFY `id` bigint(20) NOT NULL AUTO_INCREMENT COMMENT '빵집 평점', AUTO_INCREMENT=49;

--
-- 테이블의 AUTO_INCREMENT `likes`
--
ALTER TABLE `likes`
  MODIFY `id` bigint(20) NOT NULL AUTO_INCREMENT COMMENT '리뷰 공감', AUTO_INCREMENT=34;

--
-- 테이블의 AUTO_INCREMENT `locations`
--
ALTER TABLE `locations`
  MODIFY `id` bigint(20) NOT NULL AUTO_INCREMENT COMMENT '지역', AUTO_INCREMENT=80;

--
-- 테이블의 AUTO_INCREMENT `replies`
--
ALTER TABLE `replies`
  MODIFY `id` bigint(20) NOT NULL AUTO_INCREMENT COMMENT '리뷰 답글', AUTO_INCREMENT=8;

--
-- 테이블의 AUTO_INCREMENT `reservations`
--
ALTER TABLE `reservations`
  MODIFY `id` bigint(20) NOT NULL AUTO_INCREMENT COMMENT '방문 예약', AUTO_INCREMENT=11;

--
-- 테이블의 AUTO_INCREMENT `reviews`
--
ALTER TABLE `reviews`
  MODIFY `id` bigint(20) NOT NULL AUTO_INCREMENT COMMENT '빵집 리뷰', AUTO_INCREMENT=29;

--
-- 테이블의 AUTO_INCREMENT `stores`
--
ALTER TABLE `stores`
  MODIFY `id` bigint(20) NOT NULL AUTO_INCREMENT COMMENT '빵집', AUTO_INCREMENT=21;
COMMIT;

/*!40101 SET CHARACTER_SET_CLIENT=@OLD_CHARACTER_SET_CLIENT */;
/*!40101 SET CHARACTER_SET_RESULTS=@OLD_CHARACTER_SET_RESULTS */;
/*!40101 SET COLLATION_CONNECTION=@OLD_COLLATION_CONNECTION */;
